Method,mAP@50,mAP@50-95,Improvement
YOLOv8n @ 640 (Baseline),0.6001,0.3202,0.0
YOLOv8s @ 640 (Baseline),0.6343,0.3422,0.0
YOLOv8s @ 1024 (Baseline),0.6368,0.3353,0.0
YOLOv8n @ 640 + TTA,0.6038409372812915,0.3251675834675989,0.37409372812915453
YOLOv8s @ 640 + TTA,0.6349633142747011,0.3470208377490748,0.06633142747011211
YOLOv8s @ 1024 + TTA,0.6505395863018175,0.3541483293216757,1.3739586301817486
Ensemble (All 3),0.6618,0.3503,2.500000000000002
